Titulo,Identificador,Entidade na origem,Ano,Local,Assunto,Idioma,Conjunto,Notas de direitos na origem,Rotacao na origem,ID de origem,special_document,special_item_status
operárias no trabalho,F .01.01.02.01,Fábrica Nero & Companhia  (Sucessor) Lda,1958,Matosinhos,Trabalho industrial,por,FOTOSNERO,Fábrica Nero & Companhia  (Sucessor) Lda (2) Medida  1178 fora a rebarba,180,node_1785670822476_0,file:images/image_001.jpeg,draft
operárias no trabalho,F .01.01.02.02,Fábrica Nero & Companhia  (Sucessor) Lda,1958,Matosinhos,Trabalho industrial,por,FOTOSNERO,-6,90,node_1785670822476_1,file:images/image_002.jpeg,draft
operárias no trabalho,F .01.01.02.03,Fábrica Nero & Companhia  (Sucessor) Lda,1958,Matosinhos,Trabalho industrial,por,FOTOSNERO,(9)   1047  56517,270,node_1785670822476_2,file:images/image_003.jpeg,draft
operárias no trabalho,F .01.01.02.04,Fábrica Nero & Companhia  (Sucessor) Lda,1958,Matosinhos,Trabalho industrial,por,FOTOSNERO,-5,90,node_1785670822476_3,file:images/image_004.jpeg,draft
operárias no trabalho,F .01.01.02.05,Fábrica Nero & Companhia  (Sucessor) Lda,1958,Matosinhos,Trabalho industrial,por,FOTOSNERO,Fábrica Nero & Companhia  (Sucessor) Lda (3) 10 50662,90,node_1785670822476_4,file:images/image_005.jpeg,draft
operárias no trabalho,F .01.01.02.06,Fábrica Nero & Companhia  (Sucessor) Lda,1958,Matosinhos,Trabalho industrial,por,FOTOSNERO,Boa/ Fábrica Nero & Companhia  (Sucessor) Lda (3) Reduzir para 10cm de comprimento ; para papel couché.,90,node_1785670822476_5,file:images/image_006.jpeg,draft
operárias no trabalho,F .01.01.02.07,Fábrica Nero & Companhia  (Sucessor) Lda,1958,Matosinhos,Trabalho industrial,por,FOTOSNERO,Para devolver,90,node_1785670822476_6,file:images/image_007.jpeg,draft
operárias no trabalho,F .01.01.02.08,Fábrica Nero & Companhia  (Sucessor) Lda,1958,Matosinhos,Trabalho industrial,por,FOTOSNERO,produzir para 10 cm,90,node_1785670822476_7,file:images/image_008.jpeg,draft
operárias no trabalho,F .01.01.02.09,Fábrica Nero & Companhia  (Sucessor) Lda,1958,Matosinhos,Trabalho industrial,por,FOTOSNERO,Boa/ Fábrica Nero & Companhia  (Sucessor) Lda (3) Reduzir para 10cm de comprimento ; para papel couché. (8),270,node_1785670822476_8,file:images/image_009.jpeg,draft
operárias no trabalho,F .01.01.02.10,Fábrica Nero & Companhia  (Sucessor) Lda,1958,Matosinhos,Trabalho industrial,por,FOTOSNERO,Para devolver,90,node_1785670822476_9,file:images/image_010.jpeg,draft
operárias no trabalho,F .01.01.02.11,Fábrica Nero & Companhia  (Sucessor) Lda,1958,Matosinhos,Trabalho industrial,por,FOTOSNERO,10x7     56517,0,node_1785670822476_10,file:images/image_011.jpeg,draft
operárias no trabalho,F .01.01.02.12,Fábrica Nero & Companhia  (Sucessor) Lda,1958,Matosinhos,Trabalho industrial,por,FOTOSNERO,Para devolver,270,node_1785670822476_11,file:images/image_012.jpeg,draft
operárias no trabalho,F .01.01.02.13,Fábrica Nero & Companhia  (Sucessor) Lda,1958,Matosinhos,Trabalho industrial,por,FOTOSNERO,reduzir para 10 cm,90,node_1785670822476_12,file:images/image_013.jpeg,draft
refeitório,F .01.01.02.14,Fábrica Nero & Companhia  (Sucessor) Lda,1958,Matosinhos,Trabalho industrial,por,FOTOSNERO,B/ Fábrica Nero & Companhia  (Sucessor) Lda (3) 10cm/50662,90,node_1785670822476_13,file:images/image_014.jpeg,draft
refeitório,F .01.01.02.15,Fábrica Nero & Companhia  (Sucessor) Lda,1958,Matosinhos,Trabalho industrial,por,FOTOSNERO,Para devolver,0,node_1785670822476_14,file:images/image_015.png,draft
refeitório,F .01.01.02.16,Fábrica Nero & Companhia  (Sucessor) Lda,1958,Matosinhos,Trabalho industrial,por,FOTOSNERO,Para devolver,90,node_1785670822476_15,file:images/image_016.jpeg,draft
Maquinaria,F .01.01.02.17,Fábrica Nero & Companhia  (Sucessor) Lda,1958,Matosinhos,Trabalho industrial,por,FOTOSNERO,PB,0,node_1785670822476_16,file:images/image_017.jpeg,draft
Maquinaria,F .01.01.02.18,Fábrica Nero & Companhia  (Sucessor) Lda,1958,Matosinhos,Trabalho industrial,por,FOTOSNERO,reduzir para 10 cm,90,node_1785670822476_17,file:images/image_018.jpeg,draft
administrador no gabinete,F .01.01.02.19,Fábrica Nero & Companhia  (Sucessor) Lda,1958,Matosinhos,Trabalho industrial,por,FOTOSNERO,reduzir para 10 cm,270,node_1785670822476_18,file:images/image_019.jpeg,draft
administrador no gabinete,F .01.01.02.20,Fábrica Nero & Companhia  (Sucessor) Lda,1958,Matosinhos,Trabalho industrial,por,FOTOSNERO,PB,270,node_1785670822476_19,file:images/image_020.jpeg,draft
almoço de industriais,F .01.01.02.21,Fábrica Nero & Companhia  (Sucessor) Lda,1958,Matosinhos,Trabalho industrial,por,FOTOSNERO,PB,90,node_1785670822476_20,file:images/image_021.jpeg,draft
almoço de industriais,F .01.01.02.22,Fábrica Nero & Companhia  (Sucessor) Lda,1958,Matosinhos,Trabalho industrial,por,FOTOSNERO,PB,90,node_1785670822476_21,file:images/image_022.jpeg,draft
almoço de industriais,F .01.01.02.23,"Abel Vieira da Silva, FOTO NETA  Póvoa do Varzim",1958,Matosinhos,Trabalho industrial,por,FOTOSNERO,"Abel Vieira da Silva, FOTO NETA  Póvoa do Varzim",270,node_1785670822476_22,file:images/image_023.jpeg,draft
almoço de industriais,F .01.01.02.24,"Abel Vieira da Silva, FOTO NETA  Póvoa do Varzim",1958,Matosinhos,Trabalho industrial,por,FOTOSNERO,"Abel Vieira da Silva, FOTO NETA  Póvoa do Varzim",90,node_1785670822476_23,file:images/image_024.jpeg,draft
almoço de industriais,F .01.01.02.25,Fábrica Nero & Companhia  (Sucessor) Lda,1958,Matosinhos,Trabalho industrial,por,FOTOSNERO,PB,90,node_1785670822476_24,file:images/image_025.jpeg,draft
almoço de industriais,F .01.01.02.26,Fábrica Nero & Companhia  (Sucessor) Lda,1958,Matosinhos,Trabalho industrial,por,FOTOSNERO,PB,90,node_1785670822476_25,file:images/image_026.jpeg,draft
almoço de industriais,F .01.01.02.27,"Álvaro Campião Fotógrafo, Rua helidoro Salgado, 13, 2º, Telefone 844346, Registo nº 45615 Lisboa",1958,Matosinhos,Trabalho industrial,por,FOTOSNERO,"Álvaro Campião Fotógrafo, Rua helidoro Salgado, 13, 2º, Telefone 844346, Registo nº 45615 Lisboa",90,node_1785670822476_26,file:images/image_027.jpeg,draft
Carro alegórico,F .01.01.02.28,Fábrica Nero & Companhia  (Sucessor) Lda,1958,Matosinhos,Trabalho industrial,por,FOTOSNERO,PB,90,node_1785670822477_27,file:images/image_028.jpeg,draft
Benção da primeira pedra,F .01.01.02.29,"Fotografia Industrial A. Vieira, Filho, Rua Brito Capelo, 395, Telefone 336, Matosinhos",1957,Matosinhos,Colocação da primeira pedtra  da Fábrica Nero & C,por,FOTOSNERO,"Fotografia Industrial A. Vieira, Filho, Rua Brito Capelo, 395, Telefone 336, Matosinhos",270,node_1785670822477_28,file:images/image_029.jpeg,draft
"Benção da primeira pedra da Fábrica Nero, Matosinhos",F .01.01.02.30,Fábrica Nero & Companhia  (Sucessor) Lda,1957,Matosinhos,Colocação da primeira pedtra  da Fábrica Nero & C,por,FOTOSNERO,PB,270,node_1785670822477_29,file:images/image_030.jpeg,draft
"Benção da primeira pedra da Fábrica Nero, Matosinhos",F .01.01.02.31,Fábrica Nero & Companhia  (Sucessor) Lda,1957,Matosinhos,Colocação da primeira pedtra  da Fábrica Nero & C,por,FOTOSNERO,PB,270,node_1785670822477_30,file:images/image_031.jpeg,draft
"Benção da primeira pedra da Fábrica Nero, Matosinhos",F .01.01.02.32,"Fotografia Industrial A. Vieira, Filho, Rua Brito Capelo, 395, Telefone 335, Matosinhos",1957,Matosinhos,Colocação da primeira pedtra  da Fábrica Nero & C,por,FOTOSNERO,"Fotografia Industrial A. Vieira, Filho, Rua Brito Capelo, 395, Telefone 336, Matosinhos",270,node_1785670822477_31,file:images/image_032.jpeg,draft
"Benção da primeira pedra da Fábrica Nero, Matosinhos",F .01.01.02.33,"Fotografia Industrial A. Vieira, Filho, Rua Brito Capelo, 395, Telefone 335, Matosinhos",1958,Matosinhos,Colocação da primeira pedtra  da Fábrica Nero & C,por,FOTOSNERO,"Fotografia Industrial A. Vieira, Filho, Rua Brito Capelo, 395, Telefone 335, Matosinhos",270,node_1785670822477_32,file:images/image_033.jpeg,draft
Festa,F .01.01.02.34,"Fotografia Industrial A. Vieira, Filho, Rua Brito Capelo, 395, Telefone 335, Matosinhos",1958,Matosinhos,Colocação da primeira pedtra  da Fábrica Nero & C,por,FOTOSNERO,"Fotografia Industrial A. Vieira, Filho, Rua Brito Capelo, 395, Telefone 335, Matosinhos",270,node_1785670822477_33,file:images/image_034.jpeg,draft
Almoço comemorativo da 1º pedra da nova fábrica,F .01.01.02.35,"Fotografia Industrial A. Vieira, Filho, Rua Brito Capelo, 395, Telefone 335, Matosinhos",1957,Matosinhos,Banquete comemorativo da 1ª pedra da nova fábrica,por,FOTOSNERO,"Fotografia Industrial A. Vieira, Filho, Rua Brito Capelo, 395, Telefone 335, Matosinhos",270,node_1785670822477_34,file:images/image_035.jpeg,draft
Almoço comemorativo da 1º pedra da nova fábrica,F .01.01.02.36,"FotoIndustrial A. Vieira, Filho, Rua Brito Capelo, 395, Telefone 335, Matosinhos",1957,Matosinhos,Banquete comemorativo da 1ª pedra da nova fábrica,por,FOTOSNERO,"FotoIndustrial A. Vieira, Filho, Rua Brito Capelo, 395, Telefone 335, Matosinhos",270,node_1785670822477_35,file:images/image_036.jpeg,draft
Almoço comemorativo da 1º pedra da nova fábrica,F .01.01.02.37,"FotoIndustrial A. Vieira, Filho, Rua Brito Capelo, 395, Telefone 335, Matosinhos",1957,Matosinhos,Banquete comemorativo da 1ª pedra da nova fábrica,por,FOTOSNERO,"FotoIndustrial A. Vieira, Filho, Rua Brito Capelo, 395, Telefone 335, Matosinhos",270,node_1785670822477_36,file:images/image_037.jpeg,draft
Almoço comemorativo da 1º pedra da nova fábrica,F .01.01.02.38,"FotoIndustrial A. Vieira, Filho, Rua Brito Capelo, 395, Telefone 335, Matosinhos",1957,Matosinhos,Banquete comemorativo da 1ª pedra da nova fábrica,por,FOTOSNERO,"FotoIndustrial A. Vieira, Filho, Rua Brito Capelo, 395, Telefone 335, Matosinhos",270,node_1785670822477_37,file:images/image_038.jpeg,draft
Almoço comemorativo da 1º pedra da nova fábrica,F .01.01.02.39,"FotoIndustrial A. Vieira, Filho, Rua Brito Capelo, 395, Telefone 335, Matosinhos",1957,Matosinhos,Banquete comemorativo da 1ª pedra da nova fábrica,por,FOTOSNERO,"FotoIndustrial A. Vieira, Filho, Rua Brito Capelo, 395, Telefone 335, Matosinhos",270,node_1785670822477_38,file:images/image_039.jpeg,draft
Almoço comemorativo da 1º pedra da nova fábrica,F .01.01.02.40,"FotoIndustrial A. Vieira, Filho, Rua Brito Capelo, 395, Telefone 335, Matosinhos",1957,Matosinhos,Banquete comemorativo da 1ª pedra da nova fábrica,por,FOTOSNERO,"FotoIndustrial A. Vieira, Filho, Rua Brito Capelo, 395, Telefone 335, Matosinhos",270,node_1785670822477_39,file:images/image_040.jpeg,draft
Almoço comemorativo da 1º pedra da nova fábrica,F .01.01.02.41,"FotoIndustrial A. Vieira, Filho, Rua Brito Capelo, 395, Telefone 335, Matosinhos",1957,Matosinhos,Banquete comemorativo da 1ª pedra da nova fábrica,por,FOTOSNERO,"FotoIndustrial A. Vieira, Filho, Rua Brito Capelo, 395, Telefone 335, Matosinhos",270,node_1785670822477_40,file:images/image_041.jpeg,draft
Almoço comemorativo da 1º pedra da nova fábrica,F .01.01.02.42,"FotoIndustrial A. Vieira, Filho, Rua Brito Capelo, 395, Telefone 335, Matosinhos",1957,Matosinhos,Banquete comemorativo da 1ª pedra da nova fábrica,por,FOTOSNERO,"FotoIndustrial A. Vieira, Filho, Rua Brito Capelo, 395, Telefone 335, Matosinhos",270,node_1785670822477_41,file:images/image_042.jpeg,draft
Almoço comemorativo da 1º pedra da nova fábrica,F .01.01.02.43,"FotoIndustrial A. Vieira, Filho, Rua Brito Capelo, 395, Telefone 335, Matosinhos",1957,Matosinhos,Banquete comemorativo da 1ª pedra da nova fábrica,por,FOTOSNERO,"FotoIndustrial A. Vieira, Filho, Rua Brito Capelo, 395, Telefone 335, Matosinhos",270,node_1785670822477_42,file:images/image_043.jpeg,draft
Almoço comemorativo da 1º pedra da nova fábrica,F .01.01.02.44,"FotoIndustrial A. Vieira, Filho, Rua Brito Capelo, 395, Telefone 335, Matosinhos",1957,Matosinhos,Banquete comemorativo da 1ª pedra da nova fábrica,por,FOTOSNERO,"FotoIndustrial A. Vieira, Filho, Rua Brito Capelo, 395, Telefone 335, Matosinhos    / Lino Simões",90,node_1785670822477_43,file:images/image_044.jpeg,draft
Almoço comemorativo da 1º pedra da nova fábrica,F .01.01.02.45,"FotoIndustrial A. Vieira, Filho, Rua Brito Capelo, 395, Telefone 335, Matosinhos",1957,Matosinhos,Banquete comemorativo da 1ª pedra da nova fábrica,por,FOTOSNERO,"FotoIndustrial A. Vieira, Filho, Rua Brito Capelo, 395, Telefone 335, Matosinhos    / Lino Simões",270,node_1785670822477_44,file:images/image_045.jpeg,draft
Almoço comemorativo da 1º pedra da nova fábrica,F .01.01.02.46,"FotoIndustrial A. Vieira, Filho, Rua Brito Capelo, 395, Telefone 335, Matosinhos",1957,Matosinhos,Banquete comemorativo da 1ª pedra da nova fábrica,por,FOTOSNERO,"FotoIndustrial A. Vieira, Filho, Rua Brito Capelo, 395, Telefone 335, Matosinhos    / Lino Simões",270,node_1785670822477_45,file:images/image_046.jpeg,draft
Almoço comemorativo da 1º pedra da nova fábrica,F .01.01.02.47,"FotoIndustrial A. Vieira, Filho, Rua Brito Capelo, 395, Telefone 335, Matosinhos",1957,Matosinhos,Banquete comemorativo da 1ª pedra da nova fábrica,por,FOTOSNERO,"FotoIndustrial A. Vieira, Filho, Rua Brito Capelo, 395, Telefone 335, Matosinhos    / Lino Simões",270,node_1785670822477_46,file:images/image_047.jpeg,draft
Almoço comemorativo da 1º pedra da nova fábrica,F .01.01.02.48,"FotoIndustrial A. Vieira, Filho, Rua Brito Capelo, 395, Telefone 335, Matosinhos",1957,Matosinhos,Banquete comemorativo da 1ª pedra da nova fábrica,por,FOTOSNERO,"FotoIndustrial A. Vieira, Filho, Rua Brito Capelo, 395, Telefone 335, Matosinhos",270,node_1785670822477_47,file:images/image_048.jpeg,draft
Almoço comemorativo da 1º pedra da nova fábrica,F .01.01.02.49,"FotoIndustrial A. Vieira, Filho, Rua Brito Capelo, 395, Telefone 335, Matosinhos",1957,Matosinhos,Banquete comemorativo da 1ª pedra da nova fábrica,por,FOTOSNERO,"FotoIndustrial A. Vieira, Filho, Rua Brito Capelo, 395, Telefone 335, Matosinhos",0,node_1785670822477_48,file:images/image_049.jpeg,draft
Almoço comemorativo da 1º pedra da nova fábrica,F .01.01.02.50,"FotoIndustrial A. Vieira, Filho, Rua Brito Capelo, 395, Telefone 335, Matosinhos",1957,Matosinhos,Banquete comemorativo da 1ª pedra da nova fábrica,por,FOTOSNERO,"FotoIndustrial A. Vieira, Filho, Rua Brito Capelo, 395, Telefone 335, Matosinhos    / Lino Simões, Engenheiro Amorim, José Oliveira Marques, Hermano Serrano/ Cerralurica Leixões",270,node_1785670822477_49,file:images/image_050.jpeg,draft
Almoço comemorativo da 1º pedra da nova fábrica,F .01.01.02.51,"FotoIndustrial A. Vieira, Filho, Rua Brito Capelo, 395, Telefone 335, Matosinhos",1957,Matosinhos,Banquete comemorativo da 1ª pedra da nova fábrica,por,FOTOSNERO,"FotoIndustrial A. Vieira, Filho, Rua Brito Capelo, 395, Telefone 335, Matosinhos /Lino Simões",270,node_1785670822477_50,file:images/image_051.jpeg,draft
Almoço comemorativo da 1º pedra da nova fábrica,F .01.01.02.52,"FotoIndustrial A. Vieira, Filho, Rua Brito Capelo, 395, Telefone 335, Matosinhos",1957,Matosinhos,Banquete comemorativo da 1ª pedra da nova fábrica,por,FOTOSNERO,"FotoIndustrial A. Vieira, Filho, Rua Brito Capelo, 395, Telefone 335, Matosinhos /Lino Simões",270,node_1785670822477_51,file:images/image_052.jpeg,draft
Almoço comemorativo da 1º pedra da nova fábrica,F .01.01.02.53,"FotoIndustrial A. Vieira, Filho, Rua Brito Capelo, 395, Telefone 335, Matosinhos",1957,Matosinhos,Banquete comemorativo da 1ª pedra da nova fábrica,por,FOTOSNERO,"FotoIndustrial A. Vieira, Filho, Rua Brito Capelo, 395, Telefone 335, Matosinhos",90,node_1785670822477_52,file:images/image_053.jpeg,draft
Almoço comemorativo da 1º pedra da nova fábrica,F .01.01.02.54,"FotoIndustrial A. Vieira, Filho, Rua Brito Capelo, 395, Telefone 335, Matosinhos",1957,Matosinhos,Banquete comemorativo da 1ª pedra da nova fábrica,por,FOTOSNERO,"FotoIndustrial A. Vieira, Filho, Rua Brito Capelo, 395, Telefone 335, Matosinhos",90,node_1785670822477_53,file:images/image_054.jpeg,draft
Almoço comemorativo da 1º pedra da nova fábrica,F .01.01.02.55,"FotoIndustrial A. Vieira, Filho, Rua Brito Capelo, 395, Telefone 335, Matosinhos",1957,Matosinhos,Visita às instalações,por,FOTOSNERO,"FotoIndustrial A. Vieira, Filho, Rua Brito Capelo, 395, Telefone 335, Matosinhos",90,node_1785670822477_54,file:images/image_055.jpeg,draft
Almoço comemorativo da 1º pedra da nova fábrica,F .01.01.02.56,"FotoIndustrial A. Vieira, Filho, Rua Brito Capelo, 395, Telefone 335, Matosinhos",1957,Matosinhos,Visita às instalações,por,FOTOSNERO,"FotoIndustrial A. Vieira, Filho, Rua Brito Capelo, 395, Telefone 335, Matosinhos",270,node_1785670822477_55,file:images/image_056.jpeg,draft
