key,collection,title,date,author,organization,type,source
PCP1975-001,cartazes,Junta a tua à nossa voz — Vota PCP,1975,,Partido Comunista Português,cartaz político,https://ephemerajpp.com/2014/05/24/eleicoes-para-assembleia-constituinte-1975-pcp/
PCP1975-002,cartazes,"O voto — pela liberdade, pela democracia, pelo socialismo",1975,,Partido Comunista Português,cartaz político,https://ephemerajpp.com/2014/05/24/eleicoes-para-assembleia-constituinte-1975-pcp/
PCP1975-003,cartazes,"Mulher, nas tuas mãos o futuro dos teus filhos — Vota PCP",1975,,Partido Comunista Português,cartaz político,https://ephemerajpp.com/2014/05/24/eleicoes-para-assembleia-constituinte-1975-pcp/
PCP1975-004,cartazes,Dá mais força à liberdade — Vota PCP,1975,,Partido Comunista Português,cartaz político,https://ephemerajpp.com/2014/05/24/eleicoes-para-assembleia-constituinte-1975-pcp/
PCP1975-005,cartazes,Por nós e por ti — Vota PCP — Junta a tua à nossa voz,1975,,Partido Comunista Português,cartaz político,https://ephemerajpp.com/2014/05/24/eleicoes-para-assembleia-constituinte-1975-pcp/
PCP1975-006,cartazes,Por nós e por ti — Vota PCP — Junta a tua à nossa voz,1975,,Partido Comunista Português,cartaz político,https://ephemerajpp.com/2014/05/24/eleicoes-para-assembleia-constituinte-1975-pcp/
PCP1975-007,cartazes,Para construir a democracia — Junta a tua à nossa voz,1975,,Partido Comunista Português,cartaz político,https://ephemerajpp.com/2014/05/24/eleicoes-para-assembleia-constituinte-1975-pcp/
PCP1975-008,cartazes,Para construir a democracia — Junta a tua à nossa voz,1975,,Partido Comunista Português,cartaz político,https://ephemerajpp.com/2014/05/24/eleicoes-para-assembleia-constituinte-1975-pcp/
PCP1975-009,cartazes,Vota PCP — Por um Portugal democrático a caminho do socialismo,1975,,Partido Comunista Português,cartaz político,https://ephemerajpp.com/2014/05/24/eleicoes-para-assembleia-constituinte-1975-pcp/
ephemerajpp.com:tablepress:77:048a7d835ef537239dfd8178,reportorio,"Documento sem título — 1926 — Proença, Raúl [048a7d]",1926,"Proença, Raúl",,,https://ephemerajpp.com/reportorio-das-publicacoes-clandestinas-semilegais-e-legais-da-oposicao-1926-1974/#tablepress-77
ephemerajpp.com:tablepress:77:fcd4fb0cda0234a4474763a9,reportorio,Documento sem título — 1926? [fcd4fb],1926?,,,,https://ephemerajpp.com/reportorio-das-publicacoes-clandestinas-semilegais-e-legais-da-oposicao-1926-1974/#tablepress-77
ephemerajpp.com:tablepress:77:5ce7041afa4d19703e6f1f28,reportorio,Documento sem título — 1926/08 [5ce704],1926/08,,FEDERAÇÃO PORTUGUESA DOS EMPREGADOS NO COMÉRCIO (ZONA SUL) ASSOCIAÇÃO DE CLASSE DOS CAIXEIROS DE LISBOA,,https://ephemerajpp.com/reportorio-das-publicacoes-clandestinas-semilegais-e-legais-da-oposicao-1926-1974/#tablepress-77
ephemerajpp.com:tablepress:77:bb918ca074604a35702eb90c,reportorio,A Caminho do Forte da Graça,1926/10/25,Álvaro de Castro,,P,https://ephemerajpp.com/reportorio-das-publicacoes-clandestinas-semilegais-e-legais-da-oposicao-1926-1974/#tablepress-77
ephemerajpp.com:tablepress:77:849fa92d22863c9c4bf9936d,reportorio,Grande Festa de Solidariedade a Favor dos Presos por Questões Sociais,1927/09/11,,GRUPO DRAMÁTICO SOLIDARIEDADE OPERÁRIA,,https://ephemerajpp.com/reportorio-das-publicacoes-clandestinas-semilegais-e-legais-da-oposicao-1926-1974/#tablepress-77
ephemerajpp.com:tablepress:77:1d9fcff782ddb6feb3baa734,reportorio,Ao Paiz,1927/12/03,Afonso Costa /Álvaro de Castro/ Domingues dos Santos/António Sérgio/ Jaime Cortesão,LIGA DE DEFESA DA REPÚBLICA,,https://ephemerajpp.com/reportorio-das-publicacoes-clandestinas-semilegais-e-legais-da-oposicao-1926-1974/#tablepress-77
ephemerajpp.com:tablepress:77:e0e1f1521fc0feccb8be37db,reportorio,Documento sem título — 1928 — Neves Anacleto [e0e1f1],1928,Neves Anacleto,,,https://ephemerajpp.com/reportorio-das-publicacoes-clandestinas-semilegais-e-legais-da-oposicao-1926-1974/#tablepress-77
ephemerajpp.com:tablepress:77:740f563d3b5b6ade168f10fc,reportorio,Documento sem título — 1928? [740f56],1928?,,,,https://ephemerajpp.com/reportorio-das-publicacoes-clandestinas-semilegais-e-legais-da-oposicao-1926-1974/#tablepress-77
ephemerajpp.com:tablepress:77:d791ea12ce6daa1a406c3ea6,reportorio,Documento sem título — 1928? — Um Grupo de Oficiais do Exército [d791ea],1928?,Um Grupo de Oficiais do Exército,,,https://ephemerajpp.com/reportorio-das-publicacoes-clandestinas-semilegais-e-legais-da-oposicao-1926-1974/#tablepress-77
ephemerajpp.com:tablepress:77:9520abb5b747099b9f4c5e2f,reportorio,"Documento sem título — 1928? — Diniz, Paulo [9520ab]",1928?,"Diniz, Paulo",,,https://ephemerajpp.com/reportorio-das-publicacoes-clandestinas-semilegais-e-legais-da-oposicao-1926-1974/#tablepress-77
ephemerajpp.com:tablepress:77:96668108a0fd1b84c1cc650f,reportorio,O Grave Escândalo da Aviação,1928?9?,,,,https://ephemerajpp.com/reportorio-das-publicacoes-clandestinas-semilegais-e-legais-da-oposicao-1926-1974/#tablepress-77
ephemerajpp.com:tablepress:77:8aa45784d2ffdc71a5a0faa4,reportorio,Documento sem título — 1928/01/10 [8aa457],1928/01/10,,,,https://ephemerajpp.com/reportorio-das-publicacoes-clandestinas-semilegais-e-legais-da-oposicao-1926-1974/#tablepress-77
ephemerajpp.com:tablepress:77:4a3b02904f2b6ff715e5dd25,reportorio,Documento sem título — 1928/04/24 [4a3b02],1928/04/24,,MAÇONARIA - LOJA ACACIA,,https://ephemerajpp.com/reportorio-das-publicacoes-clandestinas-semilegais-e-legais-da-oposicao-1926-1974/#tablepress-77
ephemerajpp.com:tablepress:77:22a35d15b5063e705419ce65,reportorio,Carta do Comandante Aragão e Melo Dirigida ao Ministro da Marinha,1928/05/29,Francisco de Aragão e Melo,,,https://ephemerajpp.com/reportorio-das-publicacoes-clandestinas-semilegais-e-legais-da-oposicao-1926-1974/#tablepress-77
ephemerajpp.com:tablepress:77:537659dcda09edf8f87705f2,reportorio,Calendário para 1929,1929,,,,https://ephemerajpp.com/reportorio-das-publicacoes-clandestinas-semilegais-e-legais-da-oposicao-1926-1974/#tablepress-77
ephemerajpp.com:tablepress:77:da8672691214be178715725c,reportorio,"Documento sem título — 1929 — Costa, Emílio [da8672]",1929,"Costa, Emílio",,FEMINISMO,https://ephemerajpp.com/reportorio-das-publicacoes-clandestinas-semilegais-e-legais-da-oposicao-1926-1974/#tablepress-77
ephemerajpp.com:tablepress:77:a844e9af2d59024102070074,reportorio,"Documento sem título — 1929 — Machado, Bernardino [a844e9]",1929,"Machado, Bernardino",,,https://ephemerajpp.com/reportorio-das-publicacoes-clandestinas-semilegais-e-legais-da-oposicao-1926-1974/#tablepress-77
ephemerajpp.com:tablepress:77:c0f32468fcdb92ab23a180b9,reportorio,Documento sem título — 1929?? [c0f324],1929??,,,,https://ephemerajpp.com/reportorio-das-publicacoes-clandestinas-semilegais-e-legais-da-oposicao-1926-1974/#tablepress-77
ephemerajpp.com:tablepress:77:0326a143ee25075e56202750,reportorio,Documento sem título — 1930 [0326a1],1930,,,,https://ephemerajpp.com/reportorio-das-publicacoes-clandestinas-semilegais-e-legais-da-oposicao-1926-1974/#tablepress-77
ephemerajpp.com:tablepress:77:3f91906e682a4b19b0f7db34,reportorio,Príncipios do Comunismo,1930,Frederico Engels,,B,https://ephemerajpp.com/reportorio-das-publicacoes-clandestinas-semilegais-e-legais-da-oposicao-1926-1974/#tablepress-77
ephemerajpp.com:tablepress:77:8fd76f0755523a228c297214,reportorio,Documento sem título — 1930 [8fd76f],1930,,,,https://ephemerajpp.com/reportorio-das-publicacoes-clandestinas-semilegais-e-legais-da-oposicao-1926-1974/#tablepress-77
ephemerajpp.com:tablepress:77:dcd1bab075b7643b16e288ca,reportorio,Documento sem título — 1930 [dcd1ba],1930,,VANGUARDA OPERÁRIA,,https://ephemerajpp.com/reportorio-das-publicacoes-clandestinas-semilegais-e-legais-da-oposicao-1926-1974/#tablepress-77
ephemerajpp.com:tablepress:77:7724087c5e49d0f2ae043e89,reportorio,Documento sem título — 1930? [772408],1930?,,,,https://ephemerajpp.com/reportorio-das-publicacoes-clandestinas-semilegais-e-legais-da-oposicao-1926-1974/#tablepress-77
ephemerajpp.com:tablepress:77:5ef58c32e08c22d65700c988,reportorio,Documento sem título — 1930? [5ef58c],1930?,,,,https://ephemerajpp.com/reportorio-das-publicacoes-clandestinas-semilegais-e-legais-da-oposicao-1926-1974/#tablepress-77
ephemerajpp.com:tablepress:77:55e127a50702809c155f21d0,reportorio,Documento sem título — 1930? [55e127],1930?,,,,https://ephemerajpp.com/reportorio-das-publicacoes-clandestinas-semilegais-e-legais-da-oposicao-1926-1974/#tablepress-77
ephemerajpp.com:tablepress:77:a95353bd5ca40a10d6109d22,reportorio,Documento sem título — 1930? [a95353],1930?,,PCP,,https://ephemerajpp.com/reportorio-das-publicacoes-clandestinas-semilegais-e-legais-da-oposicao-1926-1974/#tablepress-77
ephemerajpp.com:tablepress:77:0e14c82926adb978a8923770,reportorio,Documento sem título — 1930? [0e14c8],1930?,,,,https://ephemerajpp.com/reportorio-das-publicacoes-clandestinas-semilegais-e-legais-da-oposicao-1926-1974/#tablepress-77
ephemerajpp.com:tablepress:77:8e2c37a63fc61036369038c0,reportorio,Apelo do Partido Comunista s.p.i.c.,1930?,,PCP,,https://ephemerajpp.com/reportorio-das-publicacoes-clandestinas-semilegais-e-legais-da-oposicao-1926-1974/#tablepress-77
ephemerajpp.com:tablepress:77:e2aeb06b0ed720d3aa8a907a,reportorio,Documento sem título — 1930? [e2aeb0],1930?,,,,https://ephemerajpp.com/reportorio-das-publicacoes-clandestinas-semilegais-e-legais-da-oposicao-1926-1974/#tablepress-77
ephemerajpp.com:tablepress:77:839e410be242014b322b1d9a,reportorio,Documento sem título — 1930? [839e41],1930?,,,,https://ephemerajpp.com/reportorio-das-publicacoes-clandestinas-semilegais-e-legais-da-oposicao-1926-1974/#tablepress-77
ephemerajpp.com:tablepress:77:d4dc1e145c12165a49e8502c,reportorio,Documento sem título — 1930? [d4dc1e],1930?,,PCP,,https://ephemerajpp.com/reportorio-das-publicacoes-clandestinas-semilegais-e-legais-da-oposicao-1926-1974/#tablepress-77
ephemerajpp.com:tablepress:77:d83b496a9a81a188a712c6d3,reportorio,Documento sem título — 1930? — Anónimo [d83b49],1930?,Anónimo,,,https://ephemerajpp.com/reportorio-das-publicacoes-clandestinas-semilegais-e-legais-da-oposicao-1926-1974/#tablepress-77
ephemerajpp.com:tablepress:77:5e15c96e3c1710b74a0fc7da,reportorio,Documento sem título — 1930? década de 30 [5e15c9],1930? década de 30,,CONFEDERAÇÃO GERAL DO TRABALHO (CGT),,https://ephemerajpp.com/reportorio-das-publicacoes-clandestinas-semilegais-e-legais-da-oposicao-1926-1974/#tablepress-77
ephemerajpp.com:tablepress:77:aac0b1bbb41f703fe7b67ce6,reportorio,Documento sem título — 1930? década de 30 [aac0b1],1930? década de 30,,ALIANÇA LIBERTÁRIA,,https://ephemerajpp.com/reportorio-das-publicacoes-clandestinas-semilegais-e-legais-da-oposicao-1926-1974/#tablepress-77
ephemerajpp.com:tablepress:77:fd8c4a7f324e3ff02398e4b8,reportorio,Circular nº 2,1930? década de 30,,CONFEDERAÇÃO GERAL DO TRABALHO (CGT),,https://ephemerajpp.com/reportorio-das-publicacoes-clandestinas-semilegais-e-legais-da-oposicao-1926-1974/#tablepress-77
ephemerajpp.com:tablepress:77:4a9be12dac1413f11a43981d,reportorio,Documento sem título — 1931 — Trotsky [4a9be1],1931,Trotsky,EDIÇÕES NOVA ERA,,https://ephemerajpp.com/reportorio-das-publicacoes-clandestinas-semilegais-e-legais-da-oposicao-1926-1974/#tablepress-77
ephemerajpp.com:tablepress:77:423fa02c07e942bd28bf41d5,reportorio,Documento sem título — 1931 [423fa0],1931,,,,https://ephemerajpp.com/reportorio-das-publicacoes-clandestinas-semilegais-e-legais-da-oposicao-1926-1974/#tablepress-77
ephemerajpp.com:tablepress:77:576dfdea7fbe395ba3145071,reportorio,Documento sem título — 1931 [576dfd],1931,,,,https://ephemerajpp.com/reportorio-das-publicacoes-clandestinas-semilegais-e-legais-da-oposicao-1926-1974/#tablepress-77
ephemerajpp.com:tablepress:77:bbd5f342b2bea8d32f72cc23,reportorio,Documento sem título — 1931? [bbd5f3],1931?,,,,https://ephemerajpp.com/reportorio-das-publicacoes-clandestinas-semilegais-e-legais-da-oposicao-1926-1974/#tablepress-77
ephemerajpp.com:tablepress:77:0b29f2b9c77395a4521117a9,reportorio,"SECRETARIADO DO COMITÉ REGIONAL DE LISBOA DO PCP – AO PROLETARIADO REVOLUCIONÁRIO DE LISBOA!, [S.D., 1931?]",1931?,,PCP,,https://ephemerajpp.com/reportorio-das-publicacoes-clandestinas-semilegais-e-legais-da-oposicao-1926-1974/#tablepress-77
ephemerajpp.com:tablepress:77:3e38333949fe9eb9e5a79d78,reportorio,"A CCE DO PC / A COMISSÃO CENTRAL SINDICAL / A SECÇÃO FEMININA DO PC / A FNJC / A CIS / A SECÇÃO FEMININA DA OPOSIÇÃO SINDICAL REVOLUCIONÁRIA / O COMITÉ NACIONAL DOS DESEMPREGADOS, OPERÁRIOS E CAMPONESES A POSTOS PARA O 29 DE FEVEREIRO, EDIÇÕES COMSIN",1931?,,PCP,,https://ephemerajpp.com/reportorio-das-publicacoes-clandestinas-semilegais-e-legais-da-oposicao-1926-1974/#tablepress-77
ephemerajpp.com:tablepress:77:5aa887f001d68f5a9a59696d,reportorio,Documento sem título — 1931/02 — Comité Confederal [5aa887],1931/02,Comité Confederal,CONFEDERAÇÃO GERAL DO TRABALHO (CGT),,https://ephemerajpp.com/reportorio-das-publicacoes-clandestinas-semilegais-e-legais-da-oposicao-1926-1974/#tablepress-77
ephemerajpp.com:tablepress:77:c326d28f64273e300c58fbff,reportorio,Documento sem título — 1931/04 [c326d2],1931/04,,,,https://ephemerajpp.com/reportorio-das-publicacoes-clandestinas-semilegais-e-legais-da-oposicao-1926-1974/#tablepress-77
ephemerajpp.com:tablepress:77:cc4d3ec779ecebb788c79417,reportorio,PCP: O PARTIDO COMUNISTA PERANTE A OPINIÃO PÚBLICA (Maio 1931),1931/06,,PCP,,https://ephemerajpp.com/reportorio-das-publicacoes-clandestinas-semilegais-e-legais-da-oposicao-1926-1974/#tablepress-77
ephemerajpp.com:tablepress:77:47b2730e82a4ca6e6cc62872,reportorio,Documento sem título — 1931/09/08 [47b273],1931/09/08,,,,https://ephemerajpp.com/reportorio-das-publicacoes-clandestinas-semilegais-e-legais-da-oposicao-1926-1974/#tablepress-77
ephemerajpp.com:tablepress:77:84a97373b45fad43b3f4273f,reportorio,Documento sem título — 1931/12/14 [84a973],1931/12/14,,,,https://ephemerajpp.com/reportorio-das-publicacoes-clandestinas-semilegais-e-legais-da-oposicao-1926-1974/#tablepress-77
ephemerajpp.com:tablepress:77:5d42145cb839f910084eb5b5,reportorio,Documento sem título — 1932 [5d4214],1932,,,,https://ephemerajpp.com/reportorio-das-publicacoes-clandestinas-semilegais-e-legais-da-oposicao-1926-1974/#tablepress-77
ephemerajpp.com:tablepress:77:37d64d238c5f58969c391107,reportorio,Documento sem título — 1932 — Comité Confederal [37d64d],1932,Comité Confederal,CONFEDERAÇÃO GERAL DO TRABALHO (CGT),,https://ephemerajpp.com/reportorio-das-publicacoes-clandestinas-semilegais-e-legais-da-oposicao-1926-1974/#tablepress-77
ephemerajpp.com:tablepress:77:2f0b079be568debe23ad1f06,reportorio,Documento sem título — 1932? 1933? [2f0b07],1932? 1933?,,COMISSÃO INTER-SINDICAL,,https://ephemerajpp.com/reportorio-das-publicacoes-clandestinas-semilegais-e-legais-da-oposicao-1926-1974/#tablepress-77
ephemerajpp.com:tablepress:77:c4d6a3aaee827947680244a0,reportorio,Documento sem título — 1932? 1933? 1934? [c4d6a3],1932? 1933? 1934?,,CÂMARA SINDICAL DO TRABALHO DE LISBOA,,https://ephemerajpp.com/reportorio-das-publicacoes-clandestinas-semilegais-e-legais-da-oposicao-1926-1974/#tablepress-77
