elemento_atributo,ocorrencias
tei:entry@xml:id,244124
tei:entry@xml:lang,244124
tei:sense@xml:id,232197
tei:ref@type,215361
tei:cit@type,175492
tei:sense@n,141309
tei:entry@volp,138169
tei:xr@type,110813
dacl:meta@status,105545
tei:quote@type,94575
tei:usg@type,71303
tei:orth@xml:lang,37318
tei:note@type,37316
tei:entry@n,26473
tei:orth@fem,20172
tei:sense@forValidation,8519
tei:sense@ana,7337
tei:re@type,3915
tei:ref@n,3702
tei:orth@ao,3633
tei:sense@revisto,3005
tei:orth@foreign,1873
tei:pron@fem,1486
tei:graphic@url,1240
tei:syll@fem,1087
tei:entry@gentilico,947
tei:orth@render,745
tei:sense@novo,626
tei:sense@new,477
http://www.dacl.pt/schema:meta@status,407
tei:ref@target,282
tei:def@revisto,221
tei:sense@revised,177
dacl:meta@collaborator,61
tei:etym@rever,49
tei:entry@rend,42
tei:pron@pron,39
tei:sense@expertValidated,15
tei:sense@digital,11
tei:usg@context,11
tei:entry@scientific,5
tei:usgDom@type,4
tei:form@xml:lang,2
tei:sense@editado,2
dacl:meta@n,1
tei:etym@revisto,1
tei:orth@xml:land,1
tei:re@tpe,1
tei:ref@tpe,1
tei:ref@tyupe,1
tei:sense@id,1
tei:sense@xml:ida,1
tei:usgGeo@type,1
