valor_gramGrp,ocorrencias
n. m.,50743
n. f.,48211
adj.,46029
v.,17630
adj. m. e f.,17012
???,15623
antr.,12471
top.,8391
adv.,7934
n. m. e f.,7409
"n. m., f.",4685
loc. adv.,2758
n. m. pl.,1356
n. f. pl.,964
v. pron.,932
n. m. sg. e pl.,854
elem. de form.,723
loc. prep.,492
adj. m. e f. sg. e pl.,393
funç. interj.,254
n. m. e f. sg. e pl.,228
funç. subst.,214
interj.,206
loc.,189
símb.,185
n. m. ou f.,163
loc. lat.,127
loc. conj.,126
funç. adj.,119
abrev.,112
n. f. sg. e pl.,103
elem. nom. de loc.,102
adj. f.,90
adj. m.,84
contr.,72
num.,68
prep.,54
conj.,41
num. card.,41
funç. num. ord.,38
num. ord.,38
pron. indef.,25
funç. adv.,25
pron.,24
pron. pes. m. e f.,23
num. fracion.,22
pron. dem.,18
loc. pron.,16
n. m. e f. pl.,16
noun,15
n. f. ou m.,14
elem. de loc.,9
funç. pron.,8
locução interjetiva,8
n. m. ou f. sg. e pl.,8
"n. m., f. pl.",7
det. indef.,7
pron. pes.,7
loc. interj.,6
elem. adv. de loc.,6
loc. pron. indef.,6
pron. poss.,5
pron. interr.,5
funç. det.,4
pron. relat.,4
loc. pron. rel.,4
art. def.,3
elem. adj. de loc.,3
n. f. ou m. sg. e pl.,3
elem. de expr.,3
loc. num.,3
loc. pron. interr.,2
adv. relat.,2
n. m. ou f. pl.,2
num. mult.,1
adj. f. sg. e pl.,1
det. excl.,1
det. relat.,1
det. e pron. indef.,1
adj. m. sg. e pl.,1
adj. m. e f. pl.,1
"adj. m., f. pl.",1
loc. adj.,1
n. pl.,1
loc. enf.,1
elem. num. de loc.,1
