elemento,ocorrencias
tei:orth,324328
tei:form,317197
tei:gramGrp,247589
tei:entry,244124
tei:sense,232317
tei:def,231474
tei:ref,215401
tei:cit,175492
tei:quote,128847
tei:xr,124144
dacl:meta,105545
tei:etym,80729
tei:usg,71303
tei:note,37318
tei:re,36841
tei:bibl,34269
tei:title,34258
tei:author,28867
tei:citedRange,28463
tei:pron,19844
tei:date,5987
tei:syll,5695
tei:emph,5238
tei:figure,1240
tei:graphic,1240
tei:head,1240
tei:hi,1002
tei:gloss,845
http://www.dacl.pt/schema:meta,407
tei:i,336
tei:b,254
tei:sup,253
tei:sub,215
tei:gov,22
tei:EtPed,20
tei:formant,6
tei:usgDom,6
tei:mi,5
tei:math,3
tei:mroot,2
dic,1
tei:hint,1
tei:msqrt,1
tei:usgGeo,1
