pai,filho,ocorrencias
tei:form,tei:orth,324327
tei:entry,tei:form,244430
tei:entry,tei:gramGrp,244126
dic,tei:entry,244124
tei:sense,tei:def,231474
tei:entry,tei:sense,201742
tei:cit,tei:quote,128846
tei:sense,tei:cit,128805
tei:xr,tei:ref,124173
tei:sense,tei:xr,110813
tei:entry,dacl:meta,105545
tei:entry,tei:etym,80722
tei:etym,tei:ref,79093
tei:sense,tei:usg,66694
tei:cit,tei:form,46644
tei:etym,tei:cit,46644
tei:cit,tei:bibl,34269
tei:bibl,tei:title,34258
tei:entry,tei:note,33350
tei:re,tei:sense,28986
tei:bibl,tei:author,28867
tei:bibl,tei:citedRange,28463
tei:re,tei:form,26123
tei:sense,tei:re,24212
tei:form,tei:pron,16622
tei:entry,tei:re,12616
tei:re,tei:xr,10717
tei:def,tei:ref,7758
tei:bibl,tei:date,5987
tei:form,tei:syll,5695
tei:note,tei:ref,4372
tei:sense,tei:note,3960
tei:re,tei:gramGrp,3422
tei:note,tei:pron,3222
tei:etym,tei:xr,2565
tei:entry,tei:usg,2289
tei:quote,tei:emph,1664
tei:xr,tei:usg,1568
tei:def,tei:emph,1540
tei:gloss,tei:sense,1529
tei:figure,tei:graphic,1240
tei:figure,tei:head,1240
tei:sense,tei:figure,1239
tei:orth,tei:hi,997
tei:sense,tei:gloss,676
tei:note,tei:emph,659
tei:orth,tei:usg,609
tei:etym,tei:emph,559
tei:gloss,tei:emph,486
tei:entry,http://www.dacl.pt/schema:meta,407
tei:ref,tei:emph,274
tei:def,tei:i,255
tei:def,tei:b,183
tei:def,tei:sup,172
tei:entry,tei:gloss,169
tei:def,tei:sub,155
tei:re,tei:usg,140
tei:note,tei:i,69
tei:note,tei:b,66
tei:sense,tei:sense,59
tei:quote,tei:sup,42
tei:sense,tei:gramGrp,40
tei:entry,tei:cit,36
tei:emph,tei:sub,31
tei:head,tei:emph,28
tei:quote,tei:xr,28
tei:sense,tei:gov,22
tei:cit,tei:EtPed,20
tei:orth,tei:emph,20
tei:def,tei:xr,19
tei:i,tei:sup,13
tei:emph,tei:sup,12
tei:note,tei:sup,12
tei:quote,tei:sub,11
tei:re,tei:re,9
tei:xr,tei:emph,8
tei:sense,tei:etym,7
tei:etym,tei:i,6
tei:sense,tei:usgDom,6
tei:i,tei:sub,5
tei:note,tei:sub,5
tei:orth,tei:sub,5
tei:emph,tei:b,4
tei:gloss,tei:note,4
tei:gloss,tei:re,4
tei:mroot,tei:mi,4
tei:quote,tei:hi,4
tei:def,tei:formant,3
tei:etym,tei:formant,3
tei:gloss,tei:cit,3
tei:orth,tei:i,3
tei:re,tei:note,3
tei:ref,tei:i,3
tei:xr,tei:sub,3
tei:form,tei:usg,2
tei:gloss,tei:ref,2
tei:math,tei:mroot,2
tei:note,tei:cit,2
tei:note,tei:xr,2
tei:orth,tei:sup,2
tei:quote,tei:math,2
tei:re,tei:cit,2
tei:sense,tei:ref,2
tei:cit,tei:ref,1
tei:def,tei:math,1
tei:entry,tei:hint,1
tei:etym,tei:note,1
tei:form,tei:sense,1
tei:math,tei:msqrt,1
tei:msqrt,tei:mi,1
tei:note,tei:usg,1
tei:pron,tei:gramGrp,1
tei:quote,tei:b,1
tei:re,tei:figure,1
tei:re,tei:orth,1
tei:ref,tei:hi,1
tei:sense,tei:quote,1
tei:sense,tei:usgGeo,1
